Country Name,Country Code,Indicator Name,Indicator Code,2003,2004,2005,2006,2007,2008,2009,2010,2011,2012,2013,2014,2015,2016,2017,2018,2019
Aruba,ABW,Cost of business start-up procedures (% of GNI per capita),IC.REG.COST.PC.ZS,,,,,,,,,,,,,,,,,
Africa Eastern and Southern,AFE,Cost of business start-up procedures (% of GNI per capita),IC.REG.COST.PC.ZS,312.517647058824,221.147619047619,176.95,156.6125,150.8125,133.420833333333,114.329166666667,101.808333333333,82.8916666666667,68.172,67.812,53.732,55.0961538461538,55.6307692307692,51.0769230769231,41.7384615384616,34.2307692307692
Afghanistan,AFG,Cost of business start-up procedures (% of GNI per capita),IC.REG.COST.PC.ZS,,72,75.2,67.4,84.6,59.5,30.2,26.7,25.8,22.5,14.4,15.1,19,19.9,82.3,6.4,6.8
Africa Western and Central,AFW,Cost of business start-up procedures (% of GNI per capita),IC.REG.COST.PC.ZS,298.853333333333,291.5,240.205,254.776190476191,222.609523809524,146.957142857143,117.128571428571,110.038095238095,98.4190476190476,87.2428571428572,74.5454545454545,65.4,63.6,57.4363636363636,53.5227272727273,48.0136363636364,38.7454545454545
Angola,AGO,Cost of business start-up procedures (% of GNI per capita),IC.REG.COST.PC.ZS,1316.4,910,653.8,498.2,343.7,196.8,151.1,226.6,163.1,143.1,130.1,118.8,17,20.7,17.4,13.9,11.1
Albania,ALB,Cost of business start-up procedures (% of GNI per capita),IC.REG.COST.PC.ZS,57.1,32.3,31.3,22.5,46.1,42.5,32.2,31.8,29.3,22.4,21.2,10.1,10.3,12.5,12,11.3,10.8
Andorra,AND,Cost of business start-up procedures (% of GNI per capita),IC.REG.COST.PC.ZS,,,,,,,,,,,,,,,,,
Arab World,ARB,Cost of business start-up procedures (% of GNI per capita),IC.REG.COST.PC.ZS,70.0846153846154,70.00625,84.7444444444445,78.6166666666667,60.815,53.05,45.84,48,46.195,38.4047619047619,35.0857142857143,32.8666666666667,38.7863636363636,38.2818181818182,33.6136363636364,34.5681818181818,27.7954545454545
United Arab Emirates,ARE,Cost of business start-up procedures (% of GNI per capita),IC.REG.COST.PC.ZS,18.7,17.5,15.8,13,13.9,11.6,11.1,12.6,13.4,11,11.4,11.3,11.2,13,13.4,22.8,17.2
Argentina,ARG,Cost of business start-up procedures (% of GNI per capita),IC.REG.COST.PC.ZS,13.5,17.3,15.9,15.4,13.6,12.8,16.1,20.7,17.7,15.4,23.2,17.7,11.4,10.8,10.4,5.3,5
Armenia,ARM,Cost of business start-up procedures (% of GNI per capita),IC.REG.COST.PC.ZS,8.4,7,6.1,5.1,4.8,3.6,2.6,3.1,2.9,2.5,1.1,1,1,0.9,0.9,0.8,0.8
American Samoa,ASM,Cost of business start-up procedures (% of GNI per capita),IC.REG.COST.PC.ZS,,,,,,,,,,,,,,,,,
Antigua and Barbuda,ATG,Cost of business start-up procedures (% of GNI per capita),IC.REG.COST.PC.ZS,,,12.5,12,11.3,11.1,9.2,10.5,11.9,10.4,10,9.7,9.4,9.3,9.1,8.7,8
Australia,AUS,Cost of business start-up procedures (% of GNI per capita),IC.REG.COST.PC.ZS,2,2.1,1.9,1.8,0.8,0.8,0.8,0.7,0.7,0.7,0.7,0.7,0.7,0.7,0.7,0.7,0.7
Austria,AUT,Cost of business start-up procedures (% of GNI per capita),IC.REG.COST.PC.ZS,6.1,6,5.7,5.6,5.4,5.1,5.1,5.2,5.2,4.9,4.8,5.5,5.3,5.2,5.1,4.8,4.7
Azerbaijan,AZE,Cost of business start-up procedures (% of GNI per capita),IC.REG.COST.PC.ZS,16.8,14.4,12.3,9.3,6.9,4.3,2.9,3.1,2.7,2.3,1,3.1,1.7,1.9,1.6,1.3,1.2
Burundi,BDI,Cost of business start-up procedures (% of GNI per capita),IC.REG.COST.PC.ZS,240.2,181.4,190.2,213.8,241.2,206.7,145.7,124.3,116.8,18.3,17.5,13.4,13.4,13.9,33.9,10.7,12.3
Belgium,BEL,Cost of business start-up procedures (% of GNI per capita),IC.REG.COST.PC.ZS,11.1,11.3,11.1,5.8,5.6,5.5,5.6,5.7,5.5,5.3,5.3,5.2,5,5,5.6,5.4,5.3
Benin,BEN,Cost of business start-up procedures (% of GNI per capita),IC.REG.COST.PC.ZS,148.1,173.6,168.2,211.1,197.2,198.2,157.4,154.4,149.9,126.9,122.8,55.9,45.4,3.8,3.7,3.6,3.5
Burkina Faso,BFA,Cost of business start-up procedures (% of GNI per capita),IC.REG.COST.PC.ZS,145.7,139.7,137.4,112.6,82.1,62.3,50.5,49.9,47.7,46.8,44.5,44.7,43.5,43.4,42.6,43.3,42.8
Bangladesh,BGD,Cost of business start-up procedures (% of GNI per capita),IC.REG.COST.PC.ZS,,,,,,,,,,,18.9,16.8,14,15.6,22.9,21.2,8.7
Bulgaria,BGR,Cost of business start-up procedures (% of GNI per capita),IC.REG.COST.PC.ZS,10.4,10.3,9.6,7.9,7.6,3,2.6,2.5,2.3,1.9,1.8,1.5,1.4,1.3,1.2,1.1,1
Bahrain,BHR,Cost of business start-up procedures (% of GNI per capita),IC.REG.COST.PC.ZS,,,,,0.7,0.6,0.5,0.6,0.9,0.8,1,0.8,0.8,1.2,1,1.1,1
"Bahamas, The",BHS,Cost of business start-up procedures (% of GNI per capita),IC.REG.COST.PC.ZS,,,,,10.3,9.8,8.5,10.7,10.6,10.3,10.4,10.2,10.8,13.8,13.8,11.4,11
Bosnia and Herzegovina,BIH,Cost of business start-up procedures (% of GNI per capita),IC.REG.COST.PC.ZS,47.3,45.3,41.2,37.4,30.9,31.6,16.3,28.9,27.9,25.6,25.6,25.2,23.9,22.9,16.1,14.9,13.7
Belarus,BLR,Cost of business start-up procedures (% of GNI per capita),IC.REG.COST.PC.ZS,20.6,26.6,32.9,26.8,9.5,8.3,2.1,2,1.6,2.5,0.9,0.9,0.9,0.6,0.6,0.5,0.5
Belize,BLZ,Cost of business start-up procedures (% of GNI per capita),IC.REG.COST.PC.ZS,,,38.4,38,37,36.5,35.3,35.8,36.5,36.7,35.4,34.3,34.2,34.6,34.6,34.7,34.3
Bermuda,BMU,Cost of business start-up procedures (% of GNI per capita),IC.REG.COST.PC.ZS,,,,,,,,,,,,,,,,,
Bolivia,BOL,Cost of business start-up procedures (% of GNI per capita),IC.REG.COST.PC.ZS,173.5,172.1,153.2,143.9,128.6,106.2,93.7,95.2,85.4,70,67.6,60.8,51.1,49.7,46.6,39.2,37.3
Brazil,BRA,Cost of business start-up procedures (% of GNI per capita),IC.REG.COST.PC.ZS,,,,,,,,,,,5.9,5.5,4.8,5.2,4.8,4.7,4.2
Barbados,BRB,Cost of business start-up procedures (% of GNI per capita),IC.REG.COST.PC.ZS,,,,,,,,,7.6,7.2,7.2,7.6,7.1,7.7,7.6,7.3,7.3
Brunei Darussalam,BRN,Cost of business start-up procedures (% of GNI per capita),IC.REG.COST.PC.ZS,,,,8.9,9.1,9.2,9.9,13.6,11.9,10.7,10,10.4,1.2,1.5,1.1,1.2,1.1
Bhutan,BTN,Cost of business start-up procedures (% of GNI per capita),IC.REG.COST.PC.ZS,21,17.6,16.9,14.1,8.8,7.2,6.8,6.1,6.1,6,4.8,4.2,4,3.8,3.9,3.5,3.7
Botswana,BWA,Cost of business start-up procedures (% of GNI per capita),IC.REG.COST.PC.ZS,10.4,10.2,10,9.7,9.3,1.7,1.4,1.5,1.1,0.8,0.9,0.8,0.7,0.8,0.7,0.6,0.6
Central African Republic,CAF,Cost of business start-up procedures (% of GNI per capita),IC.REG.COST.PC.ZS,198.3,210.2,217.4,215,210.8,237.6,223.7,208.8,156.5,154,144.7,200.4,181.3,186,154.7,143.4,127.8
Canada,CAN,Cost of business start-up procedures (% of GNI per capita),IC.REG.COST.PC.ZS,0.6,0.9,0.9,0.8,0.8,0.4,0.4,0.4,0.4,0.4,0.4,0.4,0.4,0.4,0.4,0.3,0.3
Central Europe and the Baltics,CEB,Cost of business start-up procedures (% of GNI per capita),IC.REG.COST.PC.ZS,14.1454545454545,11.4181818181818,10.0090909090909,8.96363636363636,8.21818181818182,5.66363636363636,5.06363636363636,5.05454545454545,4.95454545454545,4.44545454545455,4.37272727272727,3.90909090909091,3.5,3.65454545454545,2.89090909090909,2.73636363636364,2.60909090909091
Switzerland,CHE,Cost of business start-up procedures (% of GNI per capita),IC.REG.COST.PC.ZS,8.9,8.9,9,2.5,2.4,2.4,2.3,2.4,2.4,2.3,2.3,2.3,2.3,2.3,2.3,2.3,2.3
Channel Islands,CHI,Cost of business start-up procedures (% of GNI per capita),IC.REG.COST.PC.ZS,,,,,,,,,,,,,,,,,
Chile,CHL,Cost of business start-up procedures (% of GNI per capita),IC.REG.COST.PC.ZS,14.6,12.5,12.8,12.3,11.1,10,9.4,9.3,7.6,7,5.9,5.9,5.9,5.9,5.9,5.7,2.7
China,CHN,Cost of business start-up procedures (% of GNI per capita),IC.REG.COST.PC.ZS,,,,,,,,,,,1.9,0.9,1.7,1.6,1.5,1.2,1.1
Cote d'Ivoire,CIV,Cost of business start-up procedures (% of GNI per capita),IC.REG.COST.PC.ZS,139.5,133.6,134.9,134.1,135.8,135.1,133.3,133,132.6,130,44.4,20,18.6,18.9,16.5,2.7,2.7
Cameroon,CMR,Cost of business start-up procedures (% of GNI per capita),IC.REG.COST.PC.ZS,193,183.3,172.1,150.9,143.5,151.7,128.6,46.2,40.4,36,36.4,34.6,33,32.2,35.8,24.8,24.8
"Congo, Dem. Rep.",COD,Cost of business start-up procedures (% of GNI per capita),IC.REG.COST.PC.ZS,1486.1,1229.1,1190,1076.9,871.8,935.4,847.6,735.1,551.4,284.7,200.1,30,29.3,29.3,28.6,26.7,16.3
"Congo, Rep.",COG,Cost of business start-up procedures (% of GNI per capita),IC.REG.COST.PC.ZS,168.9,172.3,158.1,139.9,150.1,106.4,86.5,95.2,85.2,55.3,52.1,52.7,52.3,61.2,77.7,75.5,62.2
Colombia,COL,Cost of business start-up procedures (% of GNI per capita),IC.REG.COST.PC.ZS,28,25.6,24.7,19.1,18.6,14.9,13.1,14.7,8,7.6,7.5,7.5,14.3,14.1,14,14,14.1
Comoros,COM,Cost of business start-up procedures (% of GNI per capita),IC.REG.COST.PC.ZS,,,158,157.8,148.6,152.3,144.7,138.3,138,114.9,90.3,86.9,89.7,98.4,84.1,82.5,54.2
Cabo Verde,CPV,Cost of business start-up procedures (% of GNI per capita),IC.REG.COST.PC.ZS,,,44,45.6,40.1,35.7,17,18.5,17,14.9,13.5,14.3,14.8,14.7,15.4,14.4,13
Costa Rica,CRI,Cost of business start-up procedures (% of GNI per capita),IC.REG.COST.PC.ZS,15.6,14.7,12.6,12.5,12.7,11.4,10.5,10.1,9.8,15.8,11.9,11.5,11.1,9.1,8.6,9.5,9.6
Caribbean small states,CSS,Cost of business start-up procedures (% of GNI per capita),IC.REG.COST.PC.ZS,16.3,60.9,43.7090909090909,41.5909090909091,35.1,30.6833333333333,24.4833333333333,24.8333333333333,23.2538461538462,20.7769230769231,20.3923076923077,20.1230769230769,19.8384615384615,19.5153846153846,19.2153846153846,18.4230769230769,18.0846153846154
Cuba,CUB,Cost of business start-up procedures (% of GNI per capita),IC.REG.COST.PC.ZS,,,,,,,,,,,,,,,,,
Curacao,CUW,Cost of business start-up procedures (% of GNI per capita),IC.REG.COST.PC.ZS,,,,,,,,,,,,,,,,,
Cayman Islands,CYM,Cost of business start-up procedures (% of GNI per capita),IC.REG.COST.PC.ZS,,,,,,,,,,,,,,,,,
Cyprus,CYP,Cost of business start-up procedures (% of GNI per capita),IC.REG.COST.PC.ZS,,,,,,14.1,11.7,12.6,13.1,12.4,12.6,13,12.5,12.2,12.4,11.9,5.6
Czech Republic,CZE,Cost of business start-up procedures (% of GNI per capita),IC.REG.COST.PC.ZS,10,10.8,9.5,8.9,10.6,9.6,9.2,9.3,8.1,8.1,7,6.9,6.7,5.7,1,1,1.1
Germany,DEU,Cost of business start-up procedures (% of GNI per capita),IC.REG.COST.PC.ZS,5.9,5.9,4.7,5.1,5.7,5.6,4.7,4.8,4.6,4.9,4.8,8.8,6.9,6.7,6.8,6.5,6.5
Djibouti,DJI,Cost of business start-up procedures (% of GNI per capita),IC.REG.COST.PC.ZS,,,279.6,267,251.6,245.2,240.1,214.9,214.8,195.7,214.2,202.7,196.6,156,58.8,41.9,39.7
Dominica,DMA,Cost of business start-up procedures (% of GNI per capita),IC.REG.COST.PC.ZS,,,30.2,30,27.1,25.5,22.6,22,21.8,15.3,16.6,15.7,15,15.7,15.5,14.7,15.2
Denmark,DNK,Cost of business start-up procedures (% of GNI per capita),IC.REG.COST.PC.ZS,0,0,0,0,0,0,0,0,0,0.2,0.2,0.2,0.2,0.2,0.2,0.2,0.2
Dominican Republic,DOM,Cost of business start-up procedures (% of GNI per capita),IC.REG.COST.PC.ZS,28.3,25.4,30.8,30.2,31.1,19.4,21,20.5,19.3,18.3,17.3,16.9,15.3,14.8,14.5,14.1,13.7
Algeria,DZA,Cost of business start-up procedures (% of GNI per capita),IC.REG.COST.PC.ZS,16.3,14.6,12.4,13.4,13.2,10.8,12.1,12.9,12.1,12.1,12.4,11,10.9,11.1,12.5,11.8,11.3
East Asia & Pacific (excluding high income),EAP,Cost of business start-up procedures (% of GNI per capita),IC.REG.COST.PC.ZS,71.73125,76.9411764705882,62.6411764705882,56.5352941176471,47.6294117647059,43.4,36.4117647058823,36.0882352941176,33.0352941176471,36.9,36,33.67,27.965,24.19,23.83,22.15,21.405
Early-demographic dividend,EAR,Cost of business start-up procedures (% of GNI per capita),IC.REG.COST.PC.ZS,99.5863636363636,85.68,77.2566037735849,70.0679245283019,69.6611111111111,60.6425925925926,52.4166666666667,50.0611111111111,47.5055555555556,44.8803571428571,42.1950819672131,39.9573770491803,37.316393442623,34.9852459016393,35.6590163934426,35.5213114754098,28.1819672131148
East Asia & Pacific,EAS,Cost of business start-up procedures (% of GNI per capita),IC.REG.COST.PC.ZS,51.6130434782609,55.85,45.6708333333333,40.148,33.984,31.064,26.212,26.212,24,26.9461538461539,26.2275862068966,24.6310344827586,20.3689655172414,17.7448275862069,17.4931034482759,16.3275862068966,15.7655172413793
Europe & Central Asia (excluding high income),ECA,Cost of business start-up procedures (% of GNI per capita),IC.REG.COST.PC.ZS,22.00625,17.80625,20.4941176470588,16.9555555555556,14.0722222222222,10.8777777777778,9.28947368421053,10.7894736842105,9.76315789473684,8.32631578947369,7.56,5.87,5.535,5.325,4.585,4.045,3.56
Europe & Central Asia,ECS,Cost of business start-up procedures (% of GNI per capita),IC.REG.COST.PC.ZS,15.4487804878049,12.9190476190476,13.3558139534884,11.2133333333333,9.72444444444445,7.98695652173913,7.05106382978723,7.71276595744681,6.95744680851064,6.25208333333333,5.76122448979592,4.8530612244898,4.53877551020408,4.45510204081632,4.00612244897959,3.682,3.312
Ecuador,ECU,Cost of business start-up procedures (% of GNI per capita),IC.REG.COST.PC.ZS,51.6,47.4,38.1,31.8,29.2,35.3,35.1,32.6,28.8,29.9,25.3,24,22,32.4,34,33.3,33
"Egypt, Arab Rep.",EGY,Cost of business start-up procedures (% of GNI per capita),IC.REG.COST.PC.ZS,92.7,89.3,131.7,94.7,53.8,44.9,41.7,30.9,29.5,28.6,26.9,26,23.2,22.6,22.2,42.6,20.3
Euro area,EMU,Cost of business start-up procedures (% of GNI per capita),IC.REG.COST.PC.ZS,11.2,10.81875,9.09375,7.61764705882353,6.95294117647059,6.52777777777778,5.8,5.97222222222222,5.50526315789474,5.23684210526316,4.84210526315789,4.6,4.25263157894737,4.05263157894737,3.76842105263158,3.6421052631579,3.21052631578947
Eritrea,ERI,Cost of business start-up procedures (% of GNI per capita),IC.REG.COST.PC.ZS,,155.6,130.4,115.9,125.8,102.2,76.5,69.2,62.6,52.3,50.5,41.5,38.1,37.6,27,23.7,21.3
Spain,ESP,Cost of business start-up procedures (% of GNI per capita),IC.REG.COST.PC.ZS,16.8,17,16.5,16.2,15.1,14.9,15,15.1,4.7,5,5,4.5,4.4,4.3,4.1,4,3.9
Estonia,EST,Cost of business start-up procedures (% of GNI per capita),IC.REG.COST.PC.ZS,8,7.5,6.2,5.1,2,1.7,1.7,1.9,1.8,1.6,1.5,1.4,1.3,1.2,1.2,1.1,1
Ethiopia,ETH,Cost of business start-up procedures (% of GNI per capita),IC.REG.COST.PC.ZS,487.4,80.7,67.6,47.8,43,31.1,268.4,200.4,189.1,141.9,105,93.7,79.1,69.3,57.8,52.7,45.4
European Union,EUU,Cost of business start-up procedures (% of GNI per capita),IC.REG.COST.PC.ZS,12.05,10.8208333333333,9.4,8.128,7.54,6.55,5.86538461538461,5.98461538461538,5.58148148148148,5.27407407407407,5.0037037037037,4.58518518518519,4.25185185185185,4.1962962962963,3.68518518518519,3.54444444444444,3.2
Fragile and conflict affected situations,FCS,Cost of business start-up procedures (% of GNI per capita),IC.REG.COST.PC.ZS,238.225,184.08,183.915625,162.546875,158.259375,149.990625,119.642424242424,109.654545454545,97.1030303030303,80.6194444444445,76.4783783783784,65.9567567567567,69.7921052631579,70.8763157894737,74.0105263157895,67.1263157894737,54.5210526315789
Finland,FIN,Cost of business start-up procedures (% of GNI per capita),IC.REG.COST.PC.ZS,1.1,1.2,1.2,1.1,1,1,0.9,1,1,0.9,0.9,0.9,0.9,0.9,0.8,0.8,0.7
Fiji,FJI,Cost of business start-up procedures (% of GNI per capita),IC.REG.COST.PC.ZS,30.2,28.9,28.4,25.8,25.3,25.2,25.3,23.8,25.1,24,23.1,22.5,21.3,17.9,16.9,15.9,14.5
France,FRA,Cost of business start-up procedures (% of GNI per capita),IC.REG.COST.PC.ZS,1.4,1.1,1.2,1.1,1.1,1,0.9,0.9,0.9,0.9,0.9,0.9,0.8,0.7,0.7,0.7,0.7
Faroe Islands,FRO,Cost of business start-up procedures (% of GNI per capita),IC.REG.COST.PC.ZS,,,,,,,,,,,,,,,,,
"Micronesia, Fed. Sts.",FSM,Cost of business start-up procedures (% of GNI per capita),IC.REG.COST.PC.ZS,26.5,134.1,127.6,135.9,137,137.5,135.7,137.8,139,139.8,141,141.2,141.1,140.4,141.7,141.7,141.4
Gabon,GAB,Cost of business start-up procedures (% of GNI per capita),IC.REG.COST.PC.ZS,,,27.8,24.2,25.6,20.3,17.8,21.9,17.3,14.5,12.5,12.9,15.1,14.3,7.2,6.1,13.3
United Kingdom,GBR,Cost of business start-up procedures (% of GNI per capita),IC.REG.COST.PC.ZS,1,0.9,0.7,0.7,0.8,0.8,0.7,0.7,0.7,0.7,0.3,0.3,0.1,0.1,0,0,0
Georgia,GEO,Cost of business start-up procedures (% of GNI per capita),IC.REG.COST.PC.ZS,22.7,13.7,13.7,10.9,9.5,4,3.7,5,4.7,4.1,3.8,3.7,3.4,2.6,2.5,2.2,2.1
Ghana,GHA,Cost of business start-up procedures (% of GNI per capita),IC.REG.COST.PC.ZS,80.5,62,55.8,47.2,38.9,30.6,24.8,30,26.4,26.7,23.3,19.2,19.4,19.7,17.5,15.5,12.3
Gibraltar,GIB,Cost of business start-up procedures (% of GNI per capita),IC.REG.COST.PC.ZS,,,,,,,,,,,,,,,,,
Guinea,GIN,Cost of business start-up procedures (% of GNI per capita),IC.REG.COST.PC.ZS,232.4,207.9,178.6,181.2,138.2,135.5,139,147.7,118,95.3,83,77.7,74.1,72.8,62.6,38.2,33.8
"Gambia, The",GMB,Cost of business start-up procedures (% of GNI per capita),IC.REG.COST.PC.ZS,,,317.1,292.1,279,254.9,215.1,199.6,206.1,158.7,174.3,131.2,141.6,125.2,128.2,120.9,49.5
Guinea-Bissau,GNB,Cost of business start-up procedures (% of GNI per capita),IC.REG.COST.PC.ZS,,,505.6,472.1,461.9,465.7,183.6,183.3,102,86.4,93.1,102.6,118.4,105.6,99.9,91,88.8
Equatorial Guinea,GNQ,Cost of business start-up procedures (% of GNI per capita),IC.REG.COST.PC.ZS,,,98.6,98.6,101.4,99.3,98.4,100.9,99.1,98.2,98.6,99,99.4,102.7,103.4,101.2,59.1
Greece,GRC,Cost of business start-up procedures (% of GNI per capita),IC.REG.COST.PC.ZS,32.7,32.5,22,21.7,21.1,22.5,20.2,20.7,20.1,20.5,12.1,2.2,2.3,2.3,1.6,1.6,1.5
Grenada,GRD,Cost of business start-up procedures (% of GNI per capita),IC.REG.COST.PC.ZS,,,38.7,37.3,31.7,30.2,24.6,25.2,25.1,19.1,19.7,18.4,17.3,15.8,15.3,14,14.4
Greenland,GRL,Cost of business start-up procedures (% of GNI per capita),IC.REG.COST.PC.ZS,,,,,,,,,,,,,,,,,
Guatemala,GTM,Cost of business start-up procedures (% of GNI per capita),IC.REG.COST.PC.ZS,65.6,62.8,58.4,52.1,49.9,53.4,47.8,49.1,52.5,48.1,46.4,26,25.1,24.1,22.9,18.1,17.3
Guam,GUM,Cost of business start-up procedures (% of GNI per capita),IC.REG.COST.PC.ZS,,,,,,,,,,,,,,,,,
Guyana,GUY,Cost of business start-up procedures (% of GNI per capita),IC.REG.COST.PC.ZS,,106.4,96.5,95.5,83.1,65,16.9,17,13.3,13.9,12.4,11.5,10.9,10.7,9.8,9.4,9.4
High income,HIC,Cost of business start-up procedures (% of GNI per capita),IC.REG.COST.PC.ZS,11.9853658536585,10.697619047619,10.6413043478261,9.69791666666667,8.18823529411764,7.15192307692308,6.21153846153846,6.58269230769231,5.96296296296296,5.55636363636364,5.34561403508772,5.09473684210526,4.7280701754386,4.81228070175439,4.57368421052632,4.57758620689655,4.18275862068965
"Hong Kong SAR, China",HKG,Cost of business start-up procedures (% of GNI per capita),IC.REG.COST.PC.ZS,2.4,3.4,3.4,3.3,3.1,2,1.8,2,1.9,1.9,0.8,1.4,1.2,0.6,1.1,1.1,0.5
Honduras,HND,Cost of business start-up procedures (% of GNI per capita),IC.REG.COST.PC.ZS,71.5,66.8,64.1,59,58,50.9,45.6,46.2,45.9,44.8,44.4,43.7,40.4,39.5,39.7,39.1,28.1
Heavily indebted poor countries (HIPC),HPC,Cost of business start-up procedures (% of GNI per capita),IC.REG.COST.PC.ZS,302.337931034483,251.829411764706,232.851351351351,231.305263157895,200.792105263158,153.115789473684,128.876315789474,120.397368421053,106.592105263158,88.5157894736842,75.8526315789474,65.1236842105263,64.8717948717949,59.2025641025641,58.5897435897436,51.9897435897436,44.374358974359
Croatia,HRV,Cost of business start-up procedures (% of GNI per capita),IC.REG.COST.PC.ZS,16.3,13.7,12.7,11.5,10.1,10.1,8.1,8.4,8.4,7.1,9.1,3.6,3.4,7.4,7.2,6.6,6.2
Haiti,HTI,Cost of business start-up procedures (% of GNI per capita),IC.REG.COST.PC.ZS,415.4,358.5,308.1,252.4,262.8,266,204,250.9,314.2,286.6,264.8,246.7,235.3,219.3,200.2,200.3,179.7
Hungary,HUN,Cost of business start-up procedures (% of GNI per capita),IC.REG.COST.PC.ZS,40.4,22.9,22.4,20.9,17.7,8.4,8,8.2,7.6,8.9,8.8,8.5,7.5,7.1,5.4,4.9,4.5
IBRD only,IBD,Cost of business start-up procedures (% of GNI per capita),IC.REG.COST.PC.ZS,64.2795918367347,51.243137254902,44.9633333333333,38.2639344262295,31.8147540983606,28.4901639344262,24.2377049180328,25.9606557377049,23.4049180327869,21.1112903225806,19.3352941176471,17.7132352941176,16.3647058823529,17.3838235294118,19.8470588235294,19.8676470588235,15.6176470588235
IDA & IBRD total,IBT,Cost of business start-up procedures (% of GNI per capita),IC.REG.COST.PC.ZS,139.522448979592,123.056603773585,107.0096,102.424409448819,92.2866141732284,74.0637795275591,61.3375,58.39296875,52.13828125,46.2419847328244,42.1871428571429,36.88,35.9886524822695,34.6588652482269,34.0411347517731,30.8581560283688,25.3078014184397
IDA total,IDA,Cost of business start-up procedures (% of GNI per capita),IC.REG.COST.PC.ZS,214.765306122449,189.647272727273,164.283076923077,161.724242424242,148.177272727273,116.184848484848,95.1149253731343,87.9208955223881,78.2985074626866,68.8231884057971,63.7694444444445,54.9819444444445,54.2684931506849,50.7506849315068,47.2630136986302,41.0958904109589,34.3342465753425
IDA blend,IDB,Cost of business start-up procedures (% of GNI per capita),IC.REG.COST.PC.ZS,123.028571428571,118.6,75.7538461538462,65.4923076923077,96.4692307692308,85.1307692307692,60.6769230769231,44.0692307692308,38.8769230769231,30.9307692307692,31.46,29.5466666666667,28.0733333333333,27.2066666666667,27.4133333333333,25.82,21.8866666666667
Indonesia,IDN,Cost of business start-up procedures (% of GNI per capita),IC.REG.COST.PC.ZS,,,,,,,,,,,22,21.2,20,19.4,11,6.1,5.7
IDA only,IDX,Cost of business start-up procedures (% of GNI per capita),IC.REG.COST.PC.ZS,230.054761904762,201.740425531915,186.415384615385,185.328301886792,160.860377358491,123.801886792453,103.405555555556,98.4777777777777,87.7888888888889,77.6196428571429,72.2719298245614,61.6754385964912,61.0431034482759,56.8396551724138,52.3965517241379,45.0465517241379,37.5534482758621
Isle of Man,IMN,Cost of business start-up procedures (% of GNI per capita),IC.REG.COST.PC.ZS,,,,,,,,,,,,,,,,,
India,IND,Cost of business start-up procedures (% of GNI per capita),IC.REG.COST.PC.ZS,,,,,,,,,,,41.5,16.4,14.5,14,15,14.4,7.2
Not classified,INX,Cost of business start-up procedures (% of GNI per capita),IC.REG.COST.PC.ZS,,,,,,,,,,,,,,,,,
Ireland,IRL,Cost of business start-up procedures (% of GNI per capita),IC.REG.COST.PC.ZS,10.4,10.3,5.3,0.3,0.3,0.3,0.3,0.4,0.4,0.3,0.3,0.3,0.2,0.2,0.2,0.1,0.1
"Iran, Islamic Rep.",IRN,Cost of business start-up procedures (% of GNI per capita),IC.REG.COST.PC.ZS,6.5,7.3,6.3,5.4,5.3,4.6,3.9,4.2,3.9,3.4,3.3,3.2,2.8,1.2,1.4,1.2,1.1
Iraq,IRQ,Cost of business start-up procedures (% of GNI per capita),IC.REG.COST.PC.ZS,,30.3,30.3,54.8,68.5,126.9,64.6,92.5,102.3,70.5,36.7,35.9,37.4,51.9,43.3,38.8,34.2
Iceland,ISL,Cost of business start-up procedures (% of GNI per capita),IC.REG.COST.PC.ZS,,3,2.8,3,2.7,2.6,3,2.3,3.3,3,2.7,2.4,2.2,2,1.8,1.7,1.9
Israel,ISR,Cost of business start-up procedures (% of GNI per capita),IC.REG.COST.PC.ZS,5.5,5.5,5.3,5.1,4.4,4.4,4.2,4.3,4.4,4,4.1,3.5,3.4,3.3,3.2,2.8,2.7
Italy,ITA,Cost of business start-up procedures (% of GNI per capita),IC.REG.COST.PC.ZS,22.1,21.4,20.7,20,18.7,18.5,18,18.7,18.4,16.7,14.7,14.8,14.4,14.3,14.1,14.1,13.8
Jamaica,JAM,Cost of business start-up procedures (% of GNI per capita),IC.REG.COST.PC.ZS,16.3,15.4,11.8,9.4,8.7,7.9,5.3,5.2,7.2,6.7,6.4,4.9,5,4.3,4.8,4.4,4.2
Jordan,JOR,Cost of business start-up procedures (% of GNI per capita),IC.REG.COST.PC.ZS,104.1,102.1,85.5,73,23.8,32.9,28.2,25.4,21.7,21.5,20.5,19.7,19,20.6,24.2,23.9,23.3
Japan,JPN,Cost of business start-up procedures (% of GNI per capita),IC.REG.COST.PC.ZS,,,,,,,,,,,7.5,7.5,7.5,7.5,7.5,7.5,7.5
Kazakhstan,KAZ,Cost of business start-up procedures (% of GNI per capita),IC.REG.COST.PC.ZS,12.9,12.1,9.9,7,7.6,5.2,4.8,1,0.8,0.7,0.6,0.5,0.5,0.3,0.3,0.3,0.2
Kenya,KEN,Cost of business start-up procedures (% of GNI per capita),IC.REG.COST.PC.ZS,54.6,53.7,61.6,58.8,58.1,49.2,52.8,55.2,53.5,47.5,44.5,54.1,43.6,28.2,26.3,24.9,22.4
Kyrgyz Republic,KGZ,Cost of business start-up procedures (% of GNI per capita),IC.REG.COST.PC.ZS,12.5,11.5,10.4,10.7,9.7,7.4,5.2,3.7,3.5,2.8,2.7,2.3,2.1,2.2,2.1,1.9,1.4
Cambodia,KHM,Cost of business start-up procedures (% of GNI per capita),IC.REG.COST.PC.ZS,534.8,480.1,276.1,236.5,190.3,150.6,137.4,127.5,109,77.7,129.8,120.4,59.6,55.7,51.3,47.4,53.4
Kiribati,KIR,Cost of business start-up procedures (% of GNI per capita),IC.REG.COST.PC.ZS,51.6,36.3,40.3,53.8,58.3,63.6,45.7,47.1,46.4,46.6,47.1,44.4,46,36.3,40.2,36.1,34.9
St. Kitts and Nevis,KNA,Cost of business start-up procedures (% of GNI per capita),IC.REG.COST.PC.ZS,,,26.8,24.4,20.7,11.9,11.3,11.3,11.5,9.1,8.7,8.7,7.9,7.2,7.2,7,6.2
"Korea, Rep.",KOR,Cost of business start-up procedures (% of GNI per capita),IC.REG.COST.PC.ZS,18.4,15.7,15.7,18.2,17.1,16.9,14.7,14.7,14.6,14.6,14.6,14.5,14.5,14.6,14.6,14.6,14.6
Kuwait,KWT,Cost of business start-up procedures (% of GNI per capita),IC.REG.COST.PC.ZS,2,2.4,2.2,1.6,1.6,1.3,1,1.3,1.2,1.1,1.2,2,2.3,2.8,1.7,2,1.7
Latin America & Caribbean (excluding high income),LAC,Cost of business start-up procedures (% of GNI per capita),IC.REG.COST.PC.ZS,91.3266666666667,85.43125,71.3590909090909,63.1409090909091,57.3590909090909,53.5590909090909,44.9863636363636,47.85,49.2,45.4636363636364,40.225,37.5083333333333,35.8708333333333,34.725,33.4583333333333,32.4541666666667,30.6458333333333
Lao PDR,LAO,Cost of business start-up procedures (% of GNI per capita),IC.REG.COST.PC.ZS,35.1,31.2,25.6,23.2,21.6,17.5,14.5,13.3,10.9,10.1,12.4,10.6,9.9,9.2,7,6.6,4.6
Lebanon,LBN,Cost of business start-up procedures (% of GNI per capita),IC.REG.COST.PC.ZS,130.1,129.5,108.7,91.2,94.5,87.8,78.5,75.3,67.3,35.5,35.1,33.6,34.2,40.6,42,40,42.3
Liberia,LBR,Cost of business start-up procedures (% of GNI per capita),IC.REG.COST.PC.ZS,,,,563.9,489.6,100.2,85.6,88.3,68.4,52.7,19.1,17.4,16.8,16.7,15.7,12.6,6.3
Libya,LBY,Cost of business start-up procedures (% of GNI per capita),IC.REG.COST.PC.ZS,,,,,,,,,,31.7,19.1,19.9,26.9,31.2,30.3,23,24.6
St. Lucia,LCA,Cost of business start-up procedures (% of GNI per capita),IC.REG.COST.PC.ZS,,,27.9,25.9,23.7,22.6,21.8,23.8,24.4,17.8,18.6,22.9,22.4,21.4,21.5,18.4,17
Latin America & Caribbean,LCN,Cost of business start-up procedures (% of GNI per capita),IC.REG.COST.PC.ZS,77.9947368421053,73.385,58.5586206896552,52.0793103448276,45.7966666666667,43.1333333333333,36.48,38.9733333333333,38.2193548387097,35.4193548387097,32.3909090909091,30.8181818181818,30.7484848484848,31.469696969697,37.0575757575757,37.4727272727273,30.5606060606061
Least developed countries: UN classification,LDC,Cost of business start-up procedures (% of GNI per capita),IC.REG.COST.PC.ZS,323.471875,263.424324324324,234.870731707317,229,193.516666666667,145.22380952381,122.628571428571,117.214285714286,102.771428571429,89.35,84.7,72.18,69.3239130434783,64.3369565217391,58.8043478260869,49.9304347826087,40.695652173913
Low income,LIC,Cost of business start-up procedures (% of GNI per capita),IC.REG.COST.PC.ZS,379.683333333333,301.833333333333,279.082608695652,281.716666666667,245.620833333333,172.5625,145.65,134.958333333333,114.633333333333,95.7,90.4,75.292,79.1230769230769,77.5,74.0692307692308,60.8269230769231,48.1153846153846
Liechtenstein,LIE,Cost of business start-up procedures (% of GNI per capita),IC.REG.COST.PC.ZS,,,,,,,,,,,,,,,,2.2,2.2
Sri Lanka,LKA,Cost of business start-up procedures (% of GNI per capita),IC.REG.COST.PC.ZS,59.3,52.8,50,43.7,19.7,47,41.9,33.9,30.1,26.6,26.1,20.7,18.7,12.2,10.4,9.4,8.7
Lower middle income,LMC,Cost of business start-up procedures (% of GNI per capita),IC.REG.COST.PC.ZS,138.9625,127.96511627907,109.44693877551,97.9183673469388,92.5816326530612,81.4122448979592,66.6428571428572,63.9897959183673,58.9938775510204,54.656,50.0109090909091,44.5763636363636,39.2418181818182,34.48,31.2690909090909,29.6454545454545,25.7272727272727
Low & middle income,LMY,Cost of business start-up procedures (% of GNI per capita),IC.REG.COST.PC.ZS,146.916304347826,128.707920792079,114.431034482759,109.684745762712,98.8576271186441,79.0152542372882,65.246218487395,62.3302521008403,55.8176470588235,49.4385245901639,44.7801526717557,39.0664122137405,37.8030303030303,35.7242424242424,33.4227272727273,29.7378787878788,25.1719696969697
Lesotho,LSO,Cost of business start-up procedures (% of GNI per capita),IC.REG.COST.PC.ZS,64.2,59.7,41.8,40,37.5,37.9,27,26,24.9,13,11.4,9.4,9.3,8.1,7.7,7.1,6.1
Late-demographic dividend,LTE,Cost of business start-up procedures (% of GNI per capita),IC.REG.COST.PC.ZS,23.1424242424242,21.8972222222222,19.85,17.2190476190476,15.8272727272727,14.4177777777778,11.6155555555556,11.3577777777778,10.2866666666667,8.72,7.91041666666666,7.39375,7.08958333333333,7.23125,7.02708333333333,6.76666666666667,6.24791666666667
Lithuania,LTU,Cost of business start-up procedures (% of GNI per capita),IC.REG.COST.PC.ZS,4,3.7,3.3,2.8,3,2.7,2.4,2.8,2.8,1.1,0.9,0.2,0.6,0.6,0.6,0.5,0.5
Luxembourg,LUX,Cost of business start-up procedures (% of GNI per capita),IC.REG.COST.PC.ZS,,,,11.9,10.8,6.5,1.8,2.1,1.9,1.9,1.9,2,2,1.7,1.7,1.7,1.6
Latvia,LVA,Cost of business start-up procedures (% of GNI per capita),IC.REG.COST.PC.ZS,10.1,9.3,4.2,3.5,3,2.3,2.1,1.5,2.6,2.3,1.9,4.3,1.8,1.7,1.7,1.7,1.5
"Macao SAR, China",MAC,Cost of business start-up procedures (% of GNI per capita),IC.REG.COST.PC.ZS,,,,,,,,,,,,,,,,,
St. Martin (French part),MAF,Cost of business start-up procedures (% of GNI per capita),IC.REG.COST.PC.ZS,,,,,,,,,,,,,,,,,
Morocco,MAR,Cost of business start-up procedures (% of GNI per capita),IC.REG.COST.PC.ZS,26.6,13.7,13.4,12.7,13.6,12,10.8,10.3,10,9.6,9.5,9.2,9.1,7.9,8,3.7,3.6
Monaco,MCO,Cost of business start-up procedures (% of GNI per capita),IC.REG.COST.PC.ZS,,,,,,,,,,,,,,,,,
Moldova,MDA,Cost of business start-up procedures (% of GNI per capita),IC.REG.COST.PC.ZS,24.5,18.6,14.6,13.3,11.5,8.9,7,7.9,6.5,5.7,5.4,4.6,4.3,6.2,5.6,5,4
Madagascar,MDG,Cost of business start-up procedures (% of GNI per capita),IC.REG.COST.PC.ZS,253.3,249.1,175.1,81.5,71.3,62.6,46.2,54.3,49.4,47.4,47,44.8,43.7,40.4,35.7,33,30.2
Maldives,MDV,Cost of business start-up procedures (% of GNI per capita),IC.REG.COST.PC.ZS,13,12.3,14,14,13.4,11.5,10,9.4,8.9,6,6.2,6.2,4.9,5.2,4.7,4,4.1
Middle East & North Africa,MEA,Cost of business start-up procedures (% of GNI per capita),IC.REG.COST.PC.ZS,55.8357142857143,55.60625,67.4058823529412,63.9764705882353,49.2736842105263,42.6578947368421,35.9842105263158,38.1842105263158,35.685,30.2476190476191,28.3333333333333,27.5571428571429,27.1285714285714,25.4380952380952,19.8428571428571,21.752380952381,16
Mexico,MEX,Cost of business start-up procedures (% of GNI per capita),IC.REG.COST.PC.ZS,,,,,,,,,,,18.6,18.8,18.1,17.8,17,16.2,15.2
Marshall Islands,MHL,Cost of business start-up procedures (% of GNI per capita),IC.REG.COST.PC.ZS,20.9,20.2,22.4,18.6,17.7,17.4,16.2,17.6,17.7,13.5,12.4,12.8,12.7,12.5,11.9,12.2,12.9
Middle income,MIC,Cost of business start-up procedures (% of GNI per capita),IC.REG.COST.PC.ZS,90.2972972972973,83.2625,73.710752688172,65.7617021276596,61.3861702127659,55.1308510638298,44.9336842105263,43.9821052631579,40.9589473684211,37.5154639175258,34.0207547169811,30.522641509434,27.6679245283019,25.477358490566,23.4528301886792,22.1122641509434,19.5443396226415
North Macedonia,MKD,Cost of business start-up procedures (% of GNI per capita),IC.REG.COST.PC.ZS,11,10.6,10.4,6.6,5.9,3.1,1.9,1.9,1.8,1.7,1.8,0.2,0.2,0.1,3.4,3.3,3.1
Mali,MLI,Cost of business start-up procedures (% of GNI per capita),IC.REG.COST.PC.ZS,204.3,187.4,190.7,201.9,115.2,103.2,86.9,79.7,90.5,86.2,76.7,78.1,71.3,61,58.4,56.8,55.1
Malta,MLT,Cost of business start-up procedures (% of GNI per capita),IC.REG.COST.PC.ZS,,,,,,,,,12,11.6,15.3,14.6,14.1,12.3,7.4,7.1,6.7
Myanmar,MMR,Cost of business start-up procedures (% of GNI per capita),IC.REG.COST.PC.ZS,,,,,,,,,,157.7,148.6,139.6,98,41.1,40.1,24.8,13.3
Middle East & North Africa (excluding high income),MNA,Cost of business start-up procedures (% of GNI per capita),IC.REG.COST.PC.ZS,75.5222222222222,72.2090909090909,87.1333333333333,82.7416666666667,72.9416666666667,63.7583333333333,54.35,57.1666666666667,55.3083333333333,45.5538461538462,42.1153846153846,41.0230769230769,40.2923076923077,37.3615384615385,28.7461538461538,31.1076923076923,22.4538461538462
Montenegro,MNE,Cost of business start-up procedures (% of GNI per capita),IC.REG.COST.PC.ZS,,,,6.9,6.5,4.6,2.8,2.1,2,1.7,1.7,1.8,1.6,1.5,1.5,1.3,1.2
Mongolia,MNG,Cost of business start-up procedures (% of GNI per capita),IC.REG.COST.PC.ZS,16.1,12.5,9.6,7.9,6.6,4,3,3.2,2.9,2.4,1.5,1.2,1.5,1.5,1.4,1.3,1.2
Northern Mariana Islands,MNP,Cost of business start-up procedures (% of GNI per capita),IC.REG.COST.PC.ZS,,,,,,,,,,,,,,,,,
Mozambique,MOZ,Cost of business start-up procedures (% of GNI per capita),IC.REG.COST.PC.ZS,112.1,95.8,95,85.7,61.9,66.8,56.8,56.9,48.3,52.8,50.2,46.1,57.8,64.6,92.9,120.5,106.9
Mauritania,MRT,Cost of business start-up procedures (% of GNI per capita),IC.REG.COST.PC.ZS,141.4,140.8,143.6,121.6,83.9,56.4,58.9,56,48.3,47.6,46.1,20.8,19.4,19.4,19.3,16.2,15.8
Mauritius,MUS,Cost of business start-up procedures (% of GNI per capita),IC.REG.COST.PC.ZS,,9.6,8.8,8,5.4,5,4.1,3.8,3.6,3.3,3.6,2.1,2,1.8,1,0.9,0.8
Malawi,MWI,Cost of business start-up procedures (% of GNI per capita),IC.REG.COST.PC.ZS,116.2,140.8,139.6,215.7,188.7,125.9,108,108.4,90.9,140.5,120.1,106.6,84.6,42.2,44.6,38.6,32.6
Malaysia,MYS,Cost of business start-up procedures (% of GNI per capita),IC.REG.COST.PC.ZS,33.1,32,26.6,25.1,23.1,18.9,15.6,17.5,16.4,15.1,7.6,7.2,6.7,13.7,12.7,11.6,11.1
North America,NAC,Cost of business start-up procedures (% of GNI per capita),IC.REG.COST.PC.ZS,0.6,0.9,0.9,0.8,0.8,0.4,0.4,0.4,0.4,0.4,0.8,0.8,0.75,0.75,0.75,0.65,0.65
Namibia,NAM,Cost of business start-up procedures (% of GNI per capita),IC.REG.COST.PC.ZS,22.2,19.3,18.8,18,22.3,22.1,20.4,18.5,17.2,18.5,14.7,13.1,11.1,11.5,11.4,10,8.9
New Caledonia,NCL,Cost of business start-up procedures (% of GNI per capita),IC.REG.COST.PC.ZS,,,,,,,,,,,,,,,,,
Niger,NER,Cost of business start-up procedures (% of GNI per capita),IC.REG.COST.PC.ZS,450.9,444.8,465.4,416.8,174.8,170.1,118.7,118.6,114.4,112.8,80.1,76.7,67.8,32.4,8.3,8.1,7.9
Nigeria,NGA,Cost of business start-up procedures (% of GNI per capita),IC.REG.COST.PC.ZS,,,,,,,,,,,58.7,33.4,31.2,31.3,29.2,27.6,26.1
Nicaragua,NIC,Cost of business start-up procedures (% of GNI per capita),IC.REG.COST.PC.ZS,160.3,156.2,139.7,123.6,113.7,115.2,106.1,111.9,107.9,100.6,77,73.9,72.2,68,65.4,63.6,65.7
Netherlands,NLD,Cost of business start-up procedures (% of GNI per capita),IC.REG.COST.PC.ZS,13.3,13.2,13,7.2,6,5.9,5.6,5.7,5.5,5.1,5.2,5,4.6,4.5,4.4,4.2,4
Norway,NOR,Cost of business start-up procedures (% of GNI per capita),IC.REG.COST.PC.ZS,3.5,2.9,2.7,2.5,2.3,2.1,1.9,1.8,1.8,1.7,1.6,0.9,0.9,0.9,0.9,0.9,0.8
Nepal,NPL,Cost of business start-up procedures (% of GNI per capita),IC.REG.COST.PC.ZS,78,74.1,69.9,78.5,73.9,60.2,53.6,46.6,37.4,33,34.6,32.2,28.4,26.1,27.4,24.4,20.2
Nauru,NRU,Cost of business start-up procedures (% of GNI per capita),IC.REG.COST.PC.ZS,,,,,,,,,,,,,,,,,
New Zealand,NZL,Cost of business start-up procedures (% of GNI per capita),IC.REG.COST.PC.ZS,0.2,0.2,0.2,0.2,0.1,0.4,0.4,0.4,0.4,0.4,0.3,0.3,0.3,0.3,0.3,0.2,0.2
OECD members,OED,Cost of business start-up procedures (% of GNI per capita),IC.REG.COST.PC.ZS,11.7181818181818,10.2117647058824,9.29411764705882,8.16,7.47428571428572,6.34857142857143,5.81142857142857,5.96857142857143,5.25714285714286,5.20857142857143,5.07105263157895,4.97631578947369,4.90263157894737,4.73684210526316,4.34473684210526,4.12105263157895,3.84736842105263
Oman,OMN,Cost of business start-up procedures (% of GNI per capita),IC.REG.COST.PC.ZS,5.1,5.1,5,4.6,4.4,3.8,2.2,3.4,3.2,2.7,2.5,2.5,3.3,4.1,3.2,3.3,3.1
Other small states,OSS,Cost of business start-up procedures (% of GNI per capita),IC.REG.COST.PC.ZS,23.1333333333333,60.15,106.715789473684,91.5285714285714,71.5478260869565,65.9041666666667,49.0708333333333,46.9666666666667,39.196,32.5461538461538,33.1807692307692,30.7769230769231,31.1538461538462,28.4730769230769,23.5192307692308,21.9153846153846,15.8346153846154
Pakistan,PAK,Cost of business start-up procedures (% of GNI per capita),IC.REG.COST.PC.ZS,,,,,,,,,,,16.3,14.9,14.3,12.8,7.9,6.8,6.7
Panama,PAN,Cost of business start-up procedures (% of GNI per capita),IC.REG.COST.PC.ZS,14.9,14.6,14.4,13.9,13,11.5,10.1,10.2,9.8,9.3,7.6,6.9,6.7,6.6,6.5,6.1,5.8
Peru,PER,Cost of business start-up procedures (% of GNI per capita),IC.REG.COST.PC.ZS,39.4,36.4,38.5,31,28.2,25.1,16.3,16.7,17.1,15.1,14.4,13.5,9.7,7.4,7.5,7.5,9.4
Philippines,PHL,Cost of business start-up procedures (% of GNI per capita),IC.REG.COST.PC.ZS,39.1,34,33.2,30.9,32.5,30.4,28.8,29.7,26.1,25.6,24.7,21.3,20.5,19.9,19.7,24,23.3
Palau,PLW,Cost of business start-up procedures (% of GNI per capita),IC.REG.COST.PC.ZS,9.5,4.3,4.7,5.1,4.7,4.6,4.1,5.7,5.8,5.2,3.8,3.3,3.3,2.9,2.9,2.9,2.2
Papua New Guinea,PNG,Cost of business start-up procedures (% of GNI per capita),IC.REG.COST.PC.ZS,28.8,28.2,27.7,23.8,24.2,21.7,18.9,27,23.8,20.7,19.9,19.4,17.3,15.6,20.3,20.5,18.6
Poland,POL,Cost of business start-up procedures (% of GNI per capita),IC.REG.COST.PC.ZS,21.3,20.8,19.9,19.2,18.9,17.5,16.7,16.3,16,13.2,13.1,12.9,12.2,12.1,12,11.8,11.6
Pre-demographic dividend,PRE,Cost of business start-up procedures (% of GNI per capita),IC.REG.COST.PC.ZS,354.7875,281.972413793103,249.175757575758,245.723529411765,211.258823529412,159.058823529412,129.476470588235,123.729411764706,107.75,90.9628571428571,82.8138888888888,67.55,67.8081081081081,65.5864864864865,62.5756756756757,51.3621621621622,42.4675675675676
Puerto Rico,PRI,Cost of business start-up procedures (% of GNI per capita),IC.REG.COST.PC.ZS,2.2,2.2,2.2,1.8,1.7,1.7,1.6,1.6,1.4,1.4,1.4,1.3,1.3,1.3,0.8,1.3,1.2
"Korea, Dem. People's Rep.",PRK,Cost of business start-up procedures (% of GNI per capita),IC.REG.COST.PC.ZS,,,,,,,,,,,,,,,,,
Portugal,PRT,Cost of business start-up procedures (% of GNI per capita),IC.REG.COST.PC.ZS,12,13.5,13.4,7.9,6.7,6.5,6.4,6.5,2.3,2.3,2.4,2.3,2.2,2.1,2.1,2,1.9
Paraguay,PRY,Cost of business start-up procedures (% of GNI per capita),IC.REG.COST.PC.ZS,146.7,117.4,111.5,104.9,49.8,66.1,62.6,64,60.5,60.6,60.1,57.4,58,58.1,58.2,58.4,52.2
West Bank and Gaza,PSE,Cost of business start-up procedures (% of GNI per capita),IC.REG.COST.PC.ZS,,92.9,92.9,122.3,108.2,80.9,55.8,94.4,97,92,86.5,87.2,83.3,46.8,45,46.8,40.3
Pacific island small states,PSS,Cost of business start-up procedures (% of GNI per capita),IC.REG.COST.PC.ZS,46.6111111111111,54.5,55.6111111111111,54.4666666666667,51.8666666666667,51.2111111111111,40.9666666666667,41.7222222222222,39.5111111111111,37.9666666666667,37.5666666666667,35.8555555555556,35.0555555555556,33.0333333333333,33.4777777777778,32.5111111111111,32.0777777777778
Post-demographic dividend,PST,Cost of business start-up procedures (% of GNI per capita),IC.REG.COST.PC.ZS,11.83,10.93,10.1645161290323,8.88125,7.65625,6.625,5.4125,5.953125,5.57941176470588,5.26764705882353,4.93333333333333,4.54166666666667,4.31111111111111,4.25833333333333,3.725,3.575,3.43333333333333
French Polynesia,PYF,Cost of business start-up procedures (% of GNI per capita),IC.REG.COST.PC.ZS,,,,,,,,,,,,,,,,,
Qatar,QAT,Cost of business start-up procedures (% of GNI per capita),IC.REG.COST.PC.ZS,,,,,5.7,5.7,4.6,7.1,6.1,4.8,5.1,5.1,5.1,5.8,6.3,6.7,6.3
Romania,ROU,Cost of business start-up procedures (% of GNI per capita),IC.REG.COST.PC.ZS,10.9,7.4,5.3,4.6,4.8,3.6,2.9,2.8,3.1,2.9,2.5,2.2,2.1,2,0.4,0.4,0.3
Russian Federation,RUS,Cost of business start-up procedures (% of GNI per capita),IC.REG.COST.PC.ZS,,,,,,,,,,,1.5,1.4,1.4,1.2,1.1,1.1,1
Rwanda,RWA,Cost of business start-up procedures (% of GNI per capita),IC.REG.COST.PC.ZS,235.3,223.6,200.1,188.3,171.5,108.9,10.1,8.8,4.7,30.2,30.8,59.8,55,48.5,44.6,24.7,0
South Asia,SAS,Cost of business start-up procedures (% of GNI per capita),IC.REG.COST.PC.ZS,42.825,45.76,45.2,43.54,40.08,37.08,28.5,24.54,21.66,18.82,20.35,15.8125,14.725,13.7,21.8125,11.2625,8.2625
Saudi Arabia,SAU,Cost of business start-up procedures (% of GNI per capita),IC.REG.COST.PC.ZS,70.7,64.9,72,70.4,30.2,18,7.9,10.2,8.8,7,6.9,5.6,5.7,6,6.8,6.6,5.4
Sudan,SDN,Cost of business start-up procedures (% of GNI per capita),IC.REG.COST.PC.ZS,,102.4,89.5,58.6,57.3,50.8,37.6,48.7,44.2,27.8,28.1,25.1,14.8,30.5,27.8,20.9,17.8
Senegal,SEN,Cost of business start-up procedures (% of GNI per capita),IC.REG.COST.PC.ZS,122.4,112.9,108.7,112.6,107,72.7,63.7,63.1,68,64.4,64.3,63.8,63.4,62.7,33.8,32,22.6
Singapore,SGP,Cost of business start-up procedures (% of GNI per capita),IC.REG.COST.PC.ZS,1,1,0.9,0.8,0.8,0.9,0.7,0.7,0.7,0.6,0.6,0.6,0.6,0.6,0.5,0.4,0.4
Solomon Islands,SLB,Cost of business start-up procedures (% of GNI per capita),IC.REG.COST.PC.ZS,145.5,122.3,135.5,117.2,101.8,93.5,70.1,78.5,54.5,47.9,47.5,35.5,31.4,28.5,28.9,28.1,27.4
Sierra Leone,SLE,Cost of business start-up procedures (% of GNI per capita),IC.REG.COST.PC.ZS,1540.2,1491.6,983.4,1314.6,1180.7,145.8,118.8,110.7,93.3,80.4,44.1,37.9,44.2,8.6,10.3,8.4,7.6
El Salvador,SLV,Cost of business start-up procedures (% of GNI per capita),IC.REG.COST.PC.ZS,129.3,129.9,119.7,79.3,74.7,55.6,43.6,45.2,45.6,45.7,45.4,44.7,43.4,41.4,41.4,45.1,43.3
San Marino,SMR,Cost of business start-up procedures (% of GNI per capita),IC.REG.COST.PC.ZS,,,,,,,,,,8.2,8.7,9,9,8.8,9.1,9,8.8
Somalia,SOM,Cost of business start-up procedures (% of GNI per capita),IC.REG.COST.PC.ZS,,,,,,,,,,,,,180,176.5,203.6,195.2,198.2
Serbia,SRB,Cost of business start-up procedures (% of GNI per capita),IC.REG.COST.PC.ZS,15.9,15,12,10.2,8.9,7.6,7.1,7.9,7.8,7.7,7.2,6.8,6.6,6.5,2.3,2.2,2.3
Sub-Saharan Africa (excluding high income),SSA,Cost of business start-up procedures (% of GNI per capita),IC.REG.COST.PC.ZS,306.1125,250.461111111111,209.748837209302,206.290909090909,187.831818181818,142.304545454545,117.827272727273,107.668181818182,91.8363636363636,78.28,72.1586956521739,60.15,59.9468085106383,57.3744680851064,53.0276595744681,45.2787234042553,36.8063829787234
South Sudan,SSD,Cost of business start-up procedures (% of GNI per capita),IC.REG.COST.PC.ZS,,,,,,,,,,192.3,372.1,242.4,330.1,422.4,305,122.6,77.4
Sub-Saharan Africa,SSF,Cost of business start-up procedures (% of GNI per capita),IC.REG.COST.PC.ZS,306.1125,250.461111111111,205.702272727273,202.422222222222,184.317777777778,139.737777777778,115.635555555556,105.648888888889,90.1377777777778,76.8782608695652,70.9638297872341,59.1936170212766,58.99375,56.4583333333333,52.1979166666667,44.6145833333333,36.3
Small states,SST,Cost of business start-up procedures (% of GNI per capita),IC.REG.COST.PC.ZS,35.9125,57.8,77.1512820512821,69.9951219512195,57.5818181818182,53.5733333333333,40.8933333333333,40.0155555555555,34.8468085106383,30.375,30.5395833333333,28.84375,28.8208333333333,26.9020833333333,24.2208333333333,22.95625,19.4895833333333
Sao Tome and Principe,STP,Cost of business start-up procedures (% of GNI per capita),IC.REG.COST.PC.ZS,,307.5,277.3,275.7,132.5,115.6,98.2,88.8,23.1,19.7,19.4,17.5,16.7,15.2,13.2,12.3,12.4
Suriname,SUR,Cost of business start-up procedures (% of GNI per capita),IC.REG.COST.PC.ZS,,,161,150.1,137.5,120,116.6,114.5,109.3,105,101.7,100.3,100.7,96.5,94,93.4,93.5
Slovak Republic,SVK,Cost of business start-up procedures (% of GNI per capita),IC.REG.COST.PC.ZS,9.4,5.7,5,4.8,4.2,3.3,2,1.9,1.8,1.8,1.5,1.5,1.5,1.1,1.1,1,1
Slovenia,SVN,Cost of business start-up procedures (% of GNI per capita),IC.REG.COST.PC.ZS,14.8,13.5,12,9.4,8.5,0.1,0,0,0,0,0,0,0,0,0,0,0
Sweden,SWE,Cost of business start-up procedures (% of GNI per capita),IC.REG.COST.PC.ZS,0.7,0.7,0.7,0.7,0.6,0.6,0.6,0.6,0.6,0.6,0.6,0.6,0.5,0.5,0.5,0.5,0.5
Eswatini,SWZ,Cost of business start-up procedures (% of GNI per capita),IC.REG.COST.PC.ZS,,,43.2,41.1,38.7,35.1,33.9,33,29.2,24.1,27.7,23.3,23.4,16.6,16.4,18.3,10.7
Sint Maarten (Dutch part),SXM,Cost of business start-up procedures (% of GNI per capita),IC.REG.COST.PC.ZS,,,,,,,,,,,,,,,,,
Seychelles,SYC,Cost of business start-up procedures (% of GNI per capita),IC.REG.COST.PC.ZS,,,31.7,32.2,29.7,26.8,19.2,16.8,15.4,13.8,16,15.2,14.2,13.4,13.2,13.4,12.5
Syrian Arab Republic,SYR,Cost of business start-up procedures (% of GNI per capita),IC.REG.COST.PC.ZS,34.5,34.2,34.5,21.1,55.7,18.2,27.8,38.1,17.1,15.6,12.5,14.4,8.5,8.9,7.9,7.6,8.1
Turks and Caicos Islands,TCA,Cost of business start-up procedures (% of GNI per capita),IC.REG.COST.PC.ZS,,,,,,,,,,,,,,,,,
Chad,TCD,Cost of business start-up procedures (% of GNI per capita),IC.REG.COST.PC.ZS,479.8,483,478.4,241.6,273.3,253.1,246.4,226.9,208.5,202,186.3,150.6,150.4,159.8,171.3,172.3,169.3
East Asia & Pacific (IDA & IBRD countries),TEA,Cost of business start-up procedures (% of GNI per capita),IC.REG.COST.PC.ZS,68.0705882352941,72.9055555555556,59.4222222222222,53.6777777777778,45.2444444444444,41.2444444444444,34.6166666666667,34.4,31.5222222222222,35.2315789473684,34.4666666666667,32.2238095238095,26.7904761904762,23.1761904761905,22.8333333333333,21.2333333333333,20.4904761904762
Europe & Central Asia (IDA & IBRD countries),TEC,Cost of business start-up procedures (% of GNI per capita),IC.REG.COST.PC.ZS,21.65,17.7444444444444,20.0526315789474,16.795,14.115,11.17,9.58571428571429,10.9380952380952,9.99523809523809,8.5,7.88181818181818,6.08636363636364,5.74090909090909,5.72727272727273,5.04090909090909,4.51363636363636,4.04545454545455
Togo,TGO,Cost of business start-up procedures (% of GNI per capita),IC.REG.COST.PC.ZS,237.4,229.4,218.3,252.7,245.7,251.3,205,178.1,177.2,142.3,121.4,94.9,77.8,71.2,66,41.7,8.1
Thailand,THA,Cost of business start-up procedures (% of GNI per capita),IC.REG.COST.PC.ZS,18.8,18.4,17.3,16.3,16.2,14.7,17.1,7.7,7,6.7,6.7,6.6,6.7,6.6,6.2,3.1,3
Tajikistan,TJK,Cost of business start-up procedures (% of GNI per capita),IC.REG.COST.PC.ZS,,,85.1,75.1,39.6,27.6,24.3,36.9,33.3,27.1,25.6,23.3,21.5,16.8,19.3,18,17.5
Turkmenistan,TKM,Cost of business start-up procedures (% of GNI per capita),IC.REG.COST.PC.ZS,,,,,,,,,,,,,,,,,
Latin America & the Caribbean (IDA & IBRD countries),TLA,Cost of business start-up procedures (% of GNI per capita),IC.REG.COST.PC.ZS,82.2055555555555,77.1315789473684,60.5714285714286,53.875,48.6392857142857,45.8035714285714,38.725,41.3178571428571,41.6142857142857,38.5392857142857,34.9966666666667,33.2633333333333,33.1833333333333,33.8566666666667,40.0233333333333,40.5533333333333,32.9666666666667
Timor-Leste,TLS,Cost of business start-up procedures (% of GNI per capita),IC.REG.COST.PC.ZS,,154.8,125.4,88,13.1,6.9,5.8,5.7,5,2.9,2.9,0.3,0.3,0.5,0.5,0.6,0.7
Middle East & North Africa (IDA & IBRD countries),TMN,Cost of business start-up procedures (% of GNI per capita),IC.REG.COST.PC.ZS,75.5222222222222,70.14,86.6090909090909,79.1454545454545,69.7363636363636,62.2,54.2181818181818,53.7818181818182,51.5181818181818,41.6833333333333,38.4166666666667,37.175,36.7083333333333,36.575,27.3916666666667,29.8,20.9666666666667
Tonga,TON,Cost of business start-up procedures (% of GNI per capita),IC.REG.COST.PC.ZS,16.1,13.9,11.7,10.3,10.8,9.6,8.2,7,10.3,8,7.4,7.4,7.5,6.8,7.1,6.5,6
South Asia (IDA & IBRD),TSA,Cost of business start-up procedures (% of GNI per capita),IC.REG.COST.PC.ZS,42.825,45.76,45.2,43.54,40.08,37.08,28.5,24.54,21.66,18.82,20.35,15.8125,14.725,13.7,21.8125,11.2625,8.2625
Sub-Saharan Africa (IDA & IBRD countries),TSS,Cost of business start-up procedures (% of GNI per capita),IC.REG.COST.PC.ZS,306.1125,250.461111111111,205.702272727273,202.422222222222,184.317777777778,139.737777777778,115.635555555556,105.648888888889,90.1377777777778,76.8782608695652,70.963829787234,59.1936170212766,58.99375,56.4583333333333,52.1979166666667,44.6145833333333,36.3
Trinidad and Tobago,TTO,Cost of business start-up procedures (% of GNI per capita),IC.REG.COST.PC.ZS,,,1.3,1.1,0.9,0.9,0.7,0.8,0.8,0.7,0.8,0.7,0.7,0.6,0.8,0.7,0.7
Tunisia,TUN,Cost of business start-up procedures (% of GNI per capita),IC.REG.COST.PC.ZS,11.9,11.1,10.1,9.3,8.3,7.9,5.7,5,4.2,4.1,4.7,4.2,3.9,4.7,4.6,4.3,2.9
Turkey,TUR,Cost of business start-up procedures (% of GNI per capita),IC.REG.COST.PC.ZS,36.8,26,28.7,27.7,21.8,15.6,14.8,17.8,18.1,17.6,19.3,22.5,22.2,21.8,15.9,10.6,6
Tuvalu,TUV,Cost of business start-up procedures (% of GNI per capita),IC.REG.COST.PC.ZS,,,,,,,,,,,,,,,,,
Tanzania,TZA,Cost of business start-up procedures (% of GNI per capita),IC.REG.COST.PC.ZS,377.3,349.5,302.7,222.3,155.5,137.2,121.7,102.2,94.7,86.5,75.2,73.8,77.3,54,48.1,45.6,40.6
Uganda,UGA,Cost of business start-up procedures (% of GNI per capita),IC.REG.COST.PC.ZS,123.2,110.5,99.2,96,92,100.7,84.4,94.4,84.5,76.7,78.3,70.9,48.6,46.1,42.6,42.7,40.5
Ukraine,UKR,Cost of business start-up procedures (% of GNI per capita),IC.REG.COST.PC.ZS,29.9,21.3,13.4,11.5,9.8,6.8,6.8,7.1,5.2,2.2,1.9,1.8,1.1,0.9,0.8,0.6,0.5
Upper middle income,UMC,Cost of business start-up procedures (% of GNI per capita),IC.REG.COST.PC.ZS,33.0441176470588,31.3108108108108,33.9136363636364,30.7466666666667,27.4177777777778,26.5133333333333,21.8086956521739,22.6695652173913,21.7478260869565,19.2808510638298,16.7764705882353,15.3666666666667,15.1862745098039,15.7686274509804,15.0235294117647,13.9882352941176,12.8764705882353
Uruguay,URY,Cost of business start-up procedures (% of GNI per capita),IC.REG.COST.PC.ZS,51.3,48.2,43.9,44.2,46,43.5,40,42.1,24.9,24,23.5,22.8,21.7,22.5,22.5,22.6,24.1
United States,USA,Cost of business start-up procedures (% of GNI per capita),IC.REG.COST.PC.ZS,,,,,,,,,,,1.2,1.2,1.1,1.1,1.1,1,1
Uzbekistan,UZB,Cost of business start-up procedures (% of GNI per capita),IC.REG.COST.PC.ZS,14.4,12.8,11.5,11.7,11.9,8.1,10.1,10.8,5.3,3.8,3.5,3.3,3.4,3.2,3.1,3.1,2.2
St. Vincent and the Grenadines,VCT,Cost of business start-up procedures (% of GNI per capita),IC.REG.COST.PC.ZS,,,35.7,33.8,29.2,26.8,21,21.2,22.3,17.9,17.2,16.7,16.5,16.1,15.8,15.4,13.9
"Venezuela, RB",VEN,Cost of business start-up procedures (% of GNI per capita),IC.REG.COST.PC.ZS,43.9,37.9,28.8,25.4,10,26.8,24,30.2,26.1,27.7,35.6,49.9,89,136.8,352.2,393,211.8
British Virgin Islands,VGB,Cost of business start-up procedures (% of GNI per capita),IC.REG.COST.PC.ZS,,,,,,,,,,,,,,,,,
Virgin Islands (U.S.),VIR,Cost of business start-up procedures (% of GNI per capita),IC.REG.COST.PC.ZS,,,,,,,,,,,,,,,,,
Vietnam,VNM,Cost of business start-up procedures (% of GNI per capita),IC.REG.COST.PC.ZS,31.9,30.6,27.6,24.3,20,16.8,13.3,12.1,10.7,8.8,7.7,5.3,4.9,4.6,6.5,6.1,5.6
Vanuatu,VUT,Cost of business start-up procedures (% of GNI per capita),IC.REG.COST.PC.ZS,66.9,81.8,83.5,78,69.9,69.7,53.5,48.2,47.1,47.2,46.2,46.2,44.2,44.3,44.4,42,42.5
World,WLD,Cost of business start-up procedures (% of GNI per capita),IC.REG.COST.PC.ZS,104.862686567164,93.6576388888889,84.6153374233129,80.4413173652695,71.1341176470589,56.8567251461989,47.1587209302326,45.2895348837209,40.1747126436782,35.7573033707865,32.8386243386243,28.8783068783069,28.15,26.9826315789474,26.4457894736842,23.9994764397906,19.7753926701571
Samoa,WSM,Cost of business start-up procedures (% of GNI per capita),IC.REG.COST.PC.ZS,52.3,48.7,46.4,45.5,41.3,39.8,9.9,9.8,9.7,9.5,9.6,9.4,8,7.7,7.3,7.2,6.9
Kosovo,XKX,Cost of business start-up procedures (% of GNI per capita),IC.REG.COST.PC.ZS,,,,,,,26.4,28.7,26.7,23,22.1,1.2,1.1,1.1,1,1,1.4
"Yemen, Rep.",YEM,Cost of business start-up procedures (% of GNI per capita),IC.REG.COST.PC.ZS,257,269.3,240.2,228,178.8,93,83,82.1,83.8,71.9,66.1,66.3,68,82.2,73.5,118.8,40.2
South Africa,ZAF,Cost of business start-up procedures (% of GNI per capita),IC.REG.COST.PC.ZS,9.4,9.1,8.6,6.9,7.1,6,5.9,6,0.3,0.3,0.3,0.3,0.3,0.2,0.2,0.2,0.2
Zambia,ZMB,Cost of business start-up procedures (% of GNI per capita),IC.REG.COST.PC.ZS,33.2,31.7,30.3,29.9,30.5,28.6,28.4,27.9,26.9,27,32.6,33.7,34.3,34.7,34.2,32.8,34
Zimbabwe,ZWE,Cost of business start-up procedures (% of GNI per capita),IC.REG.COST.PC.ZS,371.3,314.8,223.5,179.9,676.1,596.7,353.8,198.3,156.5,126.9,128.9,120,118.4,121.5,110,110.7,76.6